testProduct_1,1,details_1,1
testProduct_2,2,details_2,2
testProduct_3,3,details_3,3
testProduct_4,4,details_4,4
testProduct_5,5,details_5,5
testProduct_6,6,details_6,6
testProduct_7,7,details_7,7
testProduct_8,8,details_8,8
testProduct_9,9,details_9,9
testProduct_10,10,details_10,10
testProduct_11,11,details_11,11
testProduct_12,12,details_12,12
testProduct_13,13,details_13,13
testProduct_14,14,details_14,14
testProduct_15,15,details_15,15
testProduct_16,16,details_16,16
testProduct_17,17,details_17,17
testProduct_18,18,details_18,18
testProduct_19,19,details_19,19
testProduct_20,20,details_20,20
testProduct_21,21,details_21,21
testProduct_22,22,details_22,22
testProduct_23,23,details_23,23
testProduct_24,24,details_24,24
testProduct_25,25,details_25,25
testProduct_26,26,details_26,26
testProduct_27,27,details_27,27
testProduct_28,28,details_28,28
testProduct_29,29,details_29,29
testProduct_30,30,details_30,30
testProduct_31,31,details_31,31
testProduct_32,32,details_32,32
testProduct_33,33,details_33,33
testProduct_34,34,details_34,34
testProduct_35,35,details_35,35
testProduct_36,36,details_36,36
testProduct_37,37,details_37,37
testProduct_38,38,details_38,38
testProduct_39,39,details_39,39
testProduct_40,40,details_40,40
testProduct_41,41,details_41,41
testProduct_42,42,details_42,42
testProduct_43,43,details_43,43
testProduct_44,44,details_44,44
testProduct_45,45,details_45,45
testProduct_46,46,details_46,46
testProduct_47,47,details_47,47
testProduct_48,48,details_48,48
testProduct_49,49,details_49,49
testProduct_50,50,details_50,50
testProduct_51,51,details_51,51
testProduct_52,52,details_52,52
testProduct_53,53,details_53,53
testProduct_54,54,details_54,54
testProduct_55,55,details_55,55
testProduct_56,56,details_56,56
testProduct_57,57,details_57,57
testProduct_58,58,details_58,58
testProduct_59,59,details_59,59
testProduct_60,60,details_60,60
testProduct_61,61,details_61,61
testProduct_62,62,details_62,62
testProduct_63,63,details_63,63
testProduct_64,64,details_64,64
testProduct_65,65,details_65,65
testProduct_66,66,details_66,66
testProduct_67,67,details_67,67
testProduct_68,68,details_68,68
testProduct_69,69,details_69,69
testProduct_70,70,details_70,70
testProduct_71,71,details_71,71
testProduct_72,72,details_72,72
testProduct_73,73,details_73,73
testProduct_74,74,details_74,74
testProduct_75,75,details_75,75
testProduct_76,76,details_76,76
testProduct_77,77,details_77,77
testProduct_78,78,details_78,78
testProduct_79,79,details_79,79
testProduct_80,80,details_80,80
testProduct_81,81,details_81,81
testProduct_82,82,details_82,82
testProduct_83,83,details_83,83
testProduct_84,84,details_84,84
testProduct_85,85,details_85,85
testProduct_86,86,details_86,86
testProduct_87,87,details_87,87
testProduct_88,88,details_88,88
testProduct_89,89,details_89,89
testProduct_90,90,details_90,90
testProduct_91,91,details_91,91
testProduct_92,92,details_92,92
testProduct_93,93,details_93,93
testProduct_94,94,details_94,94
testProduct_95,95,details_95,95
testProduct_96,96,details_96,96
testProduct_97,97,details_97,97
testProduct_98,98,details_98,98
testProduct_99,99,details_99,99
testProduct_100,100,details_100,100